profession,mean_post_covid,mean_pre_covid,t_statistic,p.value,conf.low,difference,significant
Physiotherapist,0.0735,0.0759,-0.2381496643670012,0.593,-0.019587583906047284,-0.0024,No
Occupational Therapist,0.0873,0.0968,-1.1042233477421621,0.8608,-0.02408731784490768,-0.0095,No
Speech-Language Pathologist,0.109,0.1139,-0.5402593834515613,0.7028,-0.02038487394896647,-0.0049,No
Pharmacist,0.0536,0.0592,-0.6606220335206527,0.743,-0.01999082017041026,-0.0056,No
Medical Lab Technologist,0.0778,0.0861,-0.8201006730168374,0.789,-0.025840250225170825,-0.0083,No
Respiratory Therapist,0.104,0.1091,-0.5825858042898219,0.7177,-0.019766379093232905,-0.005,No
Dietitian,0.1241,0.1275,-0.387494000584996,0.6493,-0.018064789170866707,-0.0033,No
Social Worker,0.0665,0.0651,0.15856937435089785,0.4375,-0.01359036395288376,0.0014,No
